{"cameraMode":{"drawMode":0,"name":"Shaded","section":"Shading Mode"},"sceneLighting":true,"audioPlay":false,"sceneViewState":{"m_AlwaysRefresh":false,"showFog":true,"showSkybox":true,"showFlares":true,"showImageEffects":true,"showParticleSystems":true,"showVisualEffectGraphs":true,"m_FxEnabled":true},"in2DMode":false,"pivot":{"x":-1.6464195251464844,"y":2.5260841846466066,"z":-2.2940869331359865},"rotation":{"x":0.19977053999900819,"y":0.4473554790019989,"z":-0.10324259847402573,"w":0.8656334280967712},"size":3.6419384479522707,"orthographic":false}